{
    "loss": 31.376195907592773,
    "accuracy": 0.4313725531101227
}