{
    "loss": 0.5060265064239502,
    "accuracy": 0.8627451062202454
}